chapter_id,chapter_number,chapter_content
1,chapter 1,chapter content 1
2,chapter 2,chapter content 2
3,chapter 3,chapter content 3
4,chapter 4,chapter content 4
5,chapter 5,chapter content 5
6,chapter 6,chapter content 6
7,chapter 7,chapter content 7
8,chapter 8,chapter content 8
9,chapter 9,chapter content 9
10,chapter 10,chapter content 10
11,chapter 11,chapter content 11
12,chapter 12,chapter content 12
13,chapter 13,chapter content 13
14,chapter 14,chapter content 14
15,chapter 15,chapter content 15
16,chapter 16,chapter content 16
17,chapter 17,chapter content 17
18,chapter 18,chapter content 18
19,chapter 19,chapter content 19
20,chapter 20,chapter content 20
21,chapter 21,chapter content 21
22,chapter 22,chapter content 22
23,chapter 23,chapter content 23
24,chapter 24,chapter content 24
25,chapter 25,chapter content 25
26,chapter 26,chapter content 26
27,chapter 27,chapter content 27
28,chapter 28,chapter content 28
29,chapter 29,chapter content 29
30,chapter 30,chapter content 30
31,chapter 31,chapter content 31
32,chapter 32,chapter content 32
33,chapter 33,chapter content 33
34,chapter 34,chapter content 34
35,chapter 35,chapter content 35
36,chapter 36,chapter content 36
37,chapter 37,chapter content 37
38,chapter 38,chapter content 38
39,chapter 39,chapter content 39
40,chapter 40,chapter content 40
41,chapter 41,chapter content 41
42,chapter 42,chapter content 42
43,chapter 43,chapter content 43
44,chapter 44,chapter content 44
45,chapter 45,chapter content 45
46,chapter 46,chapter content 46
47,chapter 47,chapter content 47
48,chapter 48,chapter content 48
49,chapter 49,chapter content 49
50,chapter 50,chapter content 50
