section_id,section_number,section_content
1,section 1,section content 1
2,section 2,section content 2
3,section 3,section content 3
4,section 4,section content 4
5,section 5,section content 5
6,section 6,section content 6
7,section 7,section content 7
8,section 8,section content 8
9,section 9,section content 9
10,section 10,section content 10
11,section 11,section content 11
12,section 12,section content 12
13,section 13,section content 13
14,section 14,section content 14
15,section 15,section content 15
16,section 16,section content 16
17,section 17,section content 17
18,section 18,section content 18
19,section 19,section content 19
20,section 20,section content 20
21,section 21,section content 21
22,section 22,section content 22
23,section 23,section content 23
24,section 24,section content 24
25,section 25,section content 25
26,section 26,section content 26
27,section 27,section content 27
28,section 28,section content 28
29,section 29,section content 29
30,section 30,section content 30
31,section 31,section content 31
32,section 32,section content 32
33,section 33,section content 33
34,section 34,section content 34
35,section 35,section content 35
36,section 36,section content 36
37,section 37,section content 37
38,section 38,section content 38
39,section 39,section content 39
40,section 40,section content 40
41,section 41,section content 41
42,section 42,section content 42
43,section 43,section content 43
44,section 44,section content 44
45,section 45,section content 45
46,section 46,section content 46
47,section 47,section content 47
48,section 48,section content 48
49,section 49,section content 49
50,section 50,section content 50
51,section 51,section content 51
52,section 52,section content 52
53,section 53,section content 53
54,section 54,section content 54
55,section 55,section content 55
56,section 56,section content 56
57,section 57,section content 57
58,section 58,section content 58
59,section 59,section content 59
60,section 60,section content 60
61,section 61,section content 61
62,section 62,section content 62
63,section 63,section content 63
64,section 64,section content 64
65,section 65,section content 65
66,section 66,section content 66
67,section 67,section content 67
68,section 68,section content 68
69,section 69,section content 69
70,section 70,section content 70
71,section 71,section content 71
72,section 72,section content 72
73,section 73,section content 73
74,section 74,section content 74
75,section 75,section content 75
76,section 76,section content 76
77,section 77,section content 77
78,section 78,section content 78
79,section 79,section content 79
80,section 80,section content 80
81,section 81,section content 81
82,section 82,section content 82
83,section 83,section content 83
84,section 84,section content 84
85,section 85,section content 85
86,section 86,section content 86
87,section 87,section content 87
88,section 88,section content 88
89,section 89,section content 89
90,section 90,section content 90
91,section 91,section content 91
92,section 92,section content 92
93,section 93,section content 93
94,section 94,section content 94
95,section 95,section content 95
96,section 96,section content 96
97,section 97,section content 97
98,section 98,section content 98
99,section 99,section content 99
100,section 100,section content 100
101,section 101,section content 101
102,section 102,section content 102
103,section 103,section content 103
104,section 104,section content 104
105,section 105,section content 105
106,section 106,section content 106
107,section 107,section content 107
108,section 108,section content 108
109,section 109,section content 109
110,section 110,section content 110
111,section 111,section content 111
112,section 112,section content 112
113,section 113,section content 113
114,section 114,section content 114
115,section 115,section content 115
116,section 116,section content 116
117,section 117,section content 117
118,section 118,section content 118
119,section 119,section content 119
120,section 120,section content 120
121,section 121,section content 121
122,section 122,section content 122
123,section 123,section content 123
124,section 124,section content 124
125,section 125,section content 125
126,section 126,section content 126
127,section 127,section content 127
128,section 128,section content 128
129,section 129,section content 129
130,section 130,section content 130
131,section 131,section content 131
132,section 132,section content 132
133,section 133,section content 133
134,section 134,section content 134
135,section 135,section content 135
136,section 136,section content 136
137,section 137,section content 137
138,section 138,section content 138
139,section 139,section content 139
140,section 140,section content 140
141,section 141,section content 141
142,section 142,section content 142
143,section 143,section content 143
144,section 144,section content 144
145,section 145,section content 145
146,section 146,section content 146
147,section 147,section content 147
148,section 148,section content 148
149,section 149,section content 149
150,section 150,section content 150
151,section 151,section content 151
152,section 152,section content 152
153,section 153,section content 153
154,section 154,section content 154
155,section 155,section content 155
156,section 156,section content 156
157,section 157,section content 157
158,section 158,section content 158
159,section 159,section content 159
160,section 160,section content 160
161,section 161,section content 161
162,section 162,section content 162
163,section 163,section content 163
164,section 164,section content 164
165,section 165,section content 165
166,section 166,section content 166
167,section 167,section content 167
168,section 168,section content 168
169,section 169,section content 169
170,section 170,section content 170
171,section 171,section content 171
172,section 172,section content 172
173,section 173,section content 173
174,section 174,section content 174
175,section 175,section content 175
176,section 176,section content 176
177,section 177,section content 177
178,section 178,section content 178
179,section 179,section content 179
180,section 180,section content 180
181,section 181,section content 181
182,section 182,section content 182
183,section 183,section content 183
184,section 184,section content 184
185,section 185,section content 185
186,section 186,section content 186
187,section 187,section content 187
188,section 188,section content 188
189,section 189,section content 189
190,section 190,section content 190
191,section 191,section content 191
192,section 192,section content 192
193,section 193,section content 193
194,section 194,section content 194
195,section 195,section content 195
196,section 196,section content 196
197,section 197,section content 197
198,section 198,section content 198
199,section 199,section content 199
200,section 200,section content 200
201,section 201,section content 201
202,section 202,section content 202
203,section 203,section content 203
204,section 204,section content 204
205,section 205,section content 205
206,section 206,section content 206
207,section 207,section content 207
208,section 208,section content 208
209,section 209,section content 209
210,section 210,section content 210
211,section 211,section content 211
212,section 212,section content 212
213,section 213,section content 213
214,section 214,section content 214
215,section 215,section content 215
216,section 216,section content 216
217,section 217,section content 217
218,section 218,section content 218
219,section 219,section content 219
220,section 220,section content 220
221,section 221,section content 221
222,section 222,section content 222
223,section 223,section content 223
224,section 224,section content 224
225,section 225,section content 225
226,section 226,section content 226
227,section 227,section content 227
228,section 228,section content 228
229,section 229,section content 229
230,section 230,section content 230
231,section 231,section content 231
232,section 232,section content 232
233,section 233,section content 233
234,section 234,section content 234
235,section 235,section content 235
236,section 236,section content 236
237,section 237,section content 237
238,section 238,section content 238
239,section 239,section content 239
240,section 240,section content 240
241,section 241,section content 241
242,section 242,section content 242
243,section 243,section content 243
244,section 244,section content 244
245,section 245,section content 245
246,section 246,section content 246
247,section 247,section content 247
248,section 248,section content 248
249,section 249,section content 249
250,section 250,section content 250
