subsection_id,subsection_number,subsection_content
1,subsection 1,subsection content 1
2,subsection 2,subsection content 2
3,subsection 3,subsection content 3
4,subsection 4,subsection content 4
5,subsection 5,subsection content 5
6,subsection 6,subsection content 6
7,subsection 7,subsection content 7
8,subsection 8,subsection content 8
9,subsection 9,subsection content 9
10,subsection 10,subsection content 10
11,subsection 11,subsection content 11
12,subsection 12,subsection content 12
13,subsection 13,subsection content 13
14,subsection 14,subsection content 14
15,subsection 15,subsection content 15
16,subsection 16,subsection content 16
17,subsection 17,subsection content 17
18,subsection 18,subsection content 18
19,subsection 19,subsection content 19
20,subsection 20,subsection content 20
21,subsection 21,subsection content 21
22,subsection 22,subsection content 22
23,subsection 23,subsection content 23
24,subsection 24,subsection content 24
25,subsection 25,subsection content 25
26,subsection 26,subsection content 26
27,subsection 27,subsection content 27
28,subsection 28,subsection content 28
29,subsection 29,subsection content 29
30,subsection 30,subsection content 30
31,subsection 31,subsection content 31
32,subsection 32,subsection content 32
33,subsection 33,subsection content 33
34,subsection 34,subsection content 34
35,subsection 35,subsection content 35
36,subsection 36,subsection content 36
37,subsection 37,subsection content 37
38,subsection 38,subsection content 38
39,subsection 39,subsection content 39
40,subsection 40,subsection content 40
41,subsection 41,subsection content 41
42,subsection 42,subsection content 42
43,subsection 43,subsection content 43
44,subsection 44,subsection content 44
45,subsection 45,subsection content 45
46,subsection 46,subsection content 46
47,subsection 47,subsection content 47
48,subsection 48,subsection content 48
49,subsection 49,subsection content 49
50,subsection 50,subsection content 50
51,subsection 51,subsection content 51
52,subsection 52,subsection content 52
53,subsection 53,subsection content 53
54,subsection 54,subsection content 54
55,subsection 55,subsection content 55
56,subsection 56,subsection content 56
57,subsection 57,subsection content 57
58,subsection 58,subsection content 58
59,subsection 59,subsection content 59
60,subsection 60,subsection content 60
61,subsection 61,subsection content 61
62,subsection 62,subsection content 62
63,subsection 63,subsection content 63
64,subsection 64,subsection content 64
65,subsection 65,subsection content 65
66,subsection 66,subsection content 66
67,subsection 67,subsection content 67
68,subsection 68,subsection content 68
69,subsection 69,subsection content 69
70,subsection 70,subsection content 70
71,subsection 71,subsection content 71
72,subsection 72,subsection content 72
73,subsection 73,subsection content 73
74,subsection 74,subsection content 74
75,subsection 75,subsection content 75
76,subsection 76,subsection content 76
77,subsection 77,subsection content 77
78,subsection 78,subsection content 78
79,subsection 79,subsection content 79
80,subsection 80,subsection content 80
81,subsection 81,subsection content 81
82,subsection 82,subsection content 82
83,subsection 83,subsection content 83
84,subsection 84,subsection content 84
85,subsection 85,subsection content 85
86,subsection 86,subsection content 86
87,subsection 87,subsection content 87
88,subsection 88,subsection content 88
89,subsection 89,subsection content 89
90,subsection 90,subsection content 90
91,subsection 91,subsection content 91
92,subsection 92,subsection content 92
93,subsection 93,subsection content 93
94,subsection 94,subsection content 94
95,subsection 95,subsection content 95
96,subsection 96,subsection content 96
97,subsection 97,subsection content 97
98,subsection 98,subsection content 98
99,subsection 99,subsection content 99
100,subsection 100,subsection content 100
101,subsection 101,subsection content 101
102,subsection 102,subsection content 102
103,subsection 103,subsection content 103
104,subsection 104,subsection content 104
105,subsection 105,subsection content 105
106,subsection 106,subsection content 106
107,subsection 107,subsection content 107
108,subsection 108,subsection content 108
109,subsection 109,subsection content 109
110,subsection 110,subsection content 110
111,subsection 111,subsection content 111
112,subsection 112,subsection content 112
113,subsection 113,subsection content 113
114,subsection 114,subsection content 114
115,subsection 115,subsection content 115
116,subsection 116,subsection content 116
117,subsection 117,subsection content 117
118,subsection 118,subsection content 118
119,subsection 119,subsection content 119
120,subsection 120,subsection content 120
121,subsection 121,subsection content 121
122,subsection 122,subsection content 122
123,subsection 123,subsection content 123
124,subsection 124,subsection content 124
125,subsection 125,subsection content 125
126,subsection 126,subsection content 126
127,subsection 127,subsection content 127
128,subsection 128,subsection content 128
129,subsection 129,subsection content 129
130,subsection 130,subsection content 130
131,subsection 131,subsection content 131
132,subsection 132,subsection content 132
133,subsection 133,subsection content 133
134,subsection 134,subsection content 134
135,subsection 135,subsection content 135
136,subsection 136,subsection content 136
137,subsection 137,subsection content 137
138,subsection 138,subsection content 138
139,subsection 139,subsection content 139
140,subsection 140,subsection content 140
141,subsection 141,subsection content 141
142,subsection 142,subsection content 142
143,subsection 143,subsection content 143
144,subsection 144,subsection content 144
145,subsection 145,subsection content 145
146,subsection 146,subsection content 146
147,subsection 147,subsection content 147
148,subsection 148,subsection content 148
149,subsection 149,subsection content 149
150,subsection 150,subsection content 150
151,subsection 151,subsection content 151
152,subsection 152,subsection content 152
153,subsection 153,subsection content 153
154,subsection 154,subsection content 154
155,subsection 155,subsection content 155
156,subsection 156,subsection content 156
157,subsection 157,subsection content 157
158,subsection 158,subsection content 158
159,subsection 159,subsection content 159
160,subsection 160,subsection content 160
161,subsection 161,subsection content 161
162,subsection 162,subsection content 162
163,subsection 163,subsection content 163
164,subsection 164,subsection content 164
165,subsection 165,subsection content 165
166,subsection 166,subsection content 166
167,subsection 167,subsection content 167
168,subsection 168,subsection content 168
169,subsection 169,subsection content 169
170,subsection 170,subsection content 170
171,subsection 171,subsection content 171
172,subsection 172,subsection content 172
173,subsection 173,subsection content 173
174,subsection 174,subsection content 174
175,subsection 175,subsection content 175
176,subsection 176,subsection content 176
177,subsection 177,subsection content 177
178,subsection 178,subsection content 178
179,subsection 179,subsection content 179
180,subsection 180,subsection content 180
181,subsection 181,subsection content 181
182,subsection 182,subsection content 182
183,subsection 183,subsection content 183
184,subsection 184,subsection content 184
185,subsection 185,subsection content 185
186,subsection 186,subsection content 186
187,subsection 187,subsection content 187
188,subsection 188,subsection content 188
189,subsection 189,subsection content 189
190,subsection 190,subsection content 190
191,subsection 191,subsection content 191
192,subsection 192,subsection content 192
193,subsection 193,subsection content 193
194,subsection 194,subsection content 194
195,subsection 195,subsection content 195
196,subsection 196,subsection content 196
197,subsection 197,subsection content 197
198,subsection 198,subsection content 198
199,subsection 199,subsection content 199
200,subsection 200,subsection content 200
201,subsection 201,subsection content 201
202,subsection 202,subsection content 202
203,subsection 203,subsection content 203
204,subsection 204,subsection content 204
205,subsection 205,subsection content 205
206,subsection 206,subsection content 206
207,subsection 207,subsection content 207
208,subsection 208,subsection content 208
209,subsection 209,subsection content 209
210,subsection 210,subsection content 210
211,subsection 211,subsection content 211
212,subsection 212,subsection content 212
213,subsection 213,subsection content 213
214,subsection 214,subsection content 214
215,subsection 215,subsection content 215
216,subsection 216,subsection content 216
217,subsection 217,subsection content 217
218,subsection 218,subsection content 218
219,subsection 219,subsection content 219
220,subsection 220,subsection content 220
221,subsection 221,subsection content 221
222,subsection 222,subsection content 222
223,subsection 223,subsection content 223
224,subsection 224,subsection content 224
225,subsection 225,subsection content 225
226,subsection 226,subsection content 226
227,subsection 227,subsection content 227
228,subsection 228,subsection content 228
229,subsection 229,subsection content 229
230,subsection 230,subsection content 230
231,subsection 231,subsection content 231
232,subsection 232,subsection content 232
233,subsection 233,subsection content 233
234,subsection 234,subsection content 234
235,subsection 235,subsection content 235
236,subsection 236,subsection content 236
237,subsection 237,subsection content 237
238,subsection 238,subsection content 238
239,subsection 239,subsection content 239
240,subsection 240,subsection content 240
241,subsection 241,subsection content 241
242,subsection 242,subsection content 242
243,subsection 243,subsection content 243
244,subsection 244,subsection content 244
245,subsection 245,subsection content 245
246,subsection 246,subsection content 246
247,subsection 247,subsection content 247
248,subsection 248,subsection content 248
249,subsection 249,subsection content 249
250,subsection 250,subsection content 250
251,subsection 251,subsection content 251
252,subsection 252,subsection content 252
253,subsection 253,subsection content 253
254,subsection 254,subsection content 254
255,subsection 255,subsection content 255
256,subsection 256,subsection content 256
257,subsection 257,subsection content 257
258,subsection 258,subsection content 258
259,subsection 259,subsection content 259
260,subsection 260,subsection content 260
261,subsection 261,subsection content 261
262,subsection 262,subsection content 262
263,subsection 263,subsection content 263
264,subsection 264,subsection content 264
265,subsection 265,subsection content 265
266,subsection 266,subsection content 266
267,subsection 267,subsection content 267
268,subsection 268,subsection content 268
269,subsection 269,subsection content 269
270,subsection 270,subsection content 270
271,subsection 271,subsection content 271
272,subsection 272,subsection content 272
273,subsection 273,subsection content 273
274,subsection 274,subsection content 274
275,subsection 275,subsection content 275
276,subsection 276,subsection content 276
277,subsection 277,subsection content 277
278,subsection 278,subsection content 278
279,subsection 279,subsection content 279
280,subsection 280,subsection content 280
281,subsection 281,subsection content 281
282,subsection 282,subsection content 282
283,subsection 283,subsection content 283
284,subsection 284,subsection content 284
285,subsection 285,subsection content 285
286,subsection 286,subsection content 286
287,subsection 287,subsection content 287
288,subsection 288,subsection content 288
289,subsection 289,subsection content 289
290,subsection 290,subsection content 290
291,subsection 291,subsection content 291
292,subsection 292,subsection content 292
293,subsection 293,subsection content 293
294,subsection 294,subsection content 294
295,subsection 295,subsection content 295
296,subsection 296,subsection content 296
297,subsection 297,subsection content 297
298,subsection 298,subsection content 298
299,subsection 299,subsection content 299
300,subsection 300,subsection content 300
301,subsection 301,subsection content 301
302,subsection 302,subsection content 302
303,subsection 303,subsection content 303
304,subsection 304,subsection content 304
305,subsection 305,subsection content 305
306,subsection 306,subsection content 306
307,subsection 307,subsection content 307
308,subsection 308,subsection content 308
309,subsection 309,subsection content 309
310,subsection 310,subsection content 310
311,subsection 311,subsection content 311
312,subsection 312,subsection content 312
313,subsection 313,subsection content 313
314,subsection 314,subsection content 314
315,subsection 315,subsection content 315
316,subsection 316,subsection content 316
317,subsection 317,subsection content 317
318,subsection 318,subsection content 318
319,subsection 319,subsection content 319
320,subsection 320,subsection content 320
321,subsection 321,subsection content 321
322,subsection 322,subsection content 322
323,subsection 323,subsection content 323
324,subsection 324,subsection content 324
325,subsection 325,subsection content 325
326,subsection 326,subsection content 326
327,subsection 327,subsection content 327
328,subsection 328,subsection content 328
329,subsection 329,subsection content 329
330,subsection 330,subsection content 330
331,subsection 331,subsection content 331
332,subsection 332,subsection content 332
333,subsection 333,subsection content 333
334,subsection 334,subsection content 334
335,subsection 335,subsection content 335
336,subsection 336,subsection content 336
337,subsection 337,subsection content 337
338,subsection 338,subsection content 338
339,subsection 339,subsection content 339
340,subsection 340,subsection content 340
341,subsection 341,subsection content 341
342,subsection 342,subsection content 342
343,subsection 343,subsection content 343
344,subsection 344,subsection content 344
345,subsection 345,subsection content 345
346,subsection 346,subsection content 346
347,subsection 347,subsection content 347
348,subsection 348,subsection content 348
349,subsection 349,subsection content 349
350,subsection 350,subsection content 350
351,subsection 351,subsection content 351
352,subsection 352,subsection content 352
353,subsection 353,subsection content 353
354,subsection 354,subsection content 354
355,subsection 355,subsection content 355
356,subsection 356,subsection content 356
357,subsection 357,subsection content 357
358,subsection 358,subsection content 358
359,subsection 359,subsection content 359
360,subsection 360,subsection content 360
361,subsection 361,subsection content 361
362,subsection 362,subsection content 362
363,subsection 363,subsection content 363
364,subsection 364,subsection content 364
365,subsection 365,subsection content 365
366,subsection 366,subsection content 366
367,subsection 367,subsection content 367
368,subsection 368,subsection content 368
369,subsection 369,subsection content 369
370,subsection 370,subsection content 370
371,subsection 371,subsection content 371
372,subsection 372,subsection content 372
373,subsection 373,subsection content 373
374,subsection 374,subsection content 374
375,subsection 375,subsection content 375
376,subsection 376,subsection content 376
377,subsection 377,subsection content 377
378,subsection 378,subsection content 378
379,subsection 379,subsection content 379
380,subsection 380,subsection content 380
381,subsection 381,subsection content 381
382,subsection 382,subsection content 382
383,subsection 383,subsection content 383
384,subsection 384,subsection content 384
385,subsection 385,subsection content 385
386,subsection 386,subsection content 386
387,subsection 387,subsection content 387
388,subsection 388,subsection content 388
389,subsection 389,subsection content 389
390,subsection 390,subsection content 390
391,subsection 391,subsection content 391
392,subsection 392,subsection content 392
393,subsection 393,subsection content 393
394,subsection 394,subsection content 394
395,subsection 395,subsection content 395
396,subsection 396,subsection content 396
397,subsection 397,subsection content 397
398,subsection 398,subsection content 398
399,subsection 399,subsection content 399
400,subsection 400,subsection content 400
401,subsection 401,subsection content 401
402,subsection 402,subsection content 402
403,subsection 403,subsection content 403
404,subsection 404,subsection content 404
405,subsection 405,subsection content 405
406,subsection 406,subsection content 406
407,subsection 407,subsection content 407
408,subsection 408,subsection content 408
409,subsection 409,subsection content 409
410,subsection 410,subsection content 410
411,subsection 411,subsection content 411
412,subsection 412,subsection content 412
413,subsection 413,subsection content 413
414,subsection 414,subsection content 414
415,subsection 415,subsection content 415
416,subsection 416,subsection content 416
417,subsection 417,subsection content 417
418,subsection 418,subsection content 418
419,subsection 419,subsection content 419
420,subsection 420,subsection content 420
421,subsection 421,subsection content 421
422,subsection 422,subsection content 422
423,subsection 423,subsection content 423
424,subsection 424,subsection content 424
425,subsection 425,subsection content 425
426,subsection 426,subsection content 426
427,subsection 427,subsection content 427
428,subsection 428,subsection content 428
429,subsection 429,subsection content 429
430,subsection 430,subsection content 430
431,subsection 431,subsection content 431
432,subsection 432,subsection content 432
433,subsection 433,subsection content 433
434,subsection 434,subsection content 434
435,subsection 435,subsection content 435
436,subsection 436,subsection content 436
437,subsection 437,subsection content 437
438,subsection 438,subsection content 438
439,subsection 439,subsection content 439
440,subsection 440,subsection content 440
441,subsection 441,subsection content 441
442,subsection 442,subsection content 442
443,subsection 443,subsection content 443
444,subsection 444,subsection content 444
445,subsection 445,subsection content 445
446,subsection 446,subsection content 446
447,subsection 447,subsection content 447
448,subsection 448,subsection content 448
449,subsection 449,subsection content 449
450,subsection 450,subsection content 450
451,subsection 451,subsection content 451
452,subsection 452,subsection content 452
453,subsection 453,subsection content 453
454,subsection 454,subsection content 454
455,subsection 455,subsection content 455
456,subsection 456,subsection content 456
457,subsection 457,subsection content 457
458,subsection 458,subsection content 458
459,subsection 459,subsection content 459
460,subsection 460,subsection content 460
461,subsection 461,subsection content 461
462,subsection 462,subsection content 462
463,subsection 463,subsection content 463
464,subsection 464,subsection content 464
465,subsection 465,subsection content 465
466,subsection 466,subsection content 466
467,subsection 467,subsection content 467
468,subsection 468,subsection content 468
469,subsection 469,subsection content 469
470,subsection 470,subsection content 470
471,subsection 471,subsection content 471
472,subsection 472,subsection content 472
473,subsection 473,subsection content 473
474,subsection 474,subsection content 474
475,subsection 475,subsection content 475
476,subsection 476,subsection content 476
477,subsection 477,subsection content 477
478,subsection 478,subsection content 478
479,subsection 479,subsection content 479
480,subsection 480,subsection content 480
481,subsection 481,subsection content 481
482,subsection 482,subsection content 482
483,subsection 483,subsection content 483
484,subsection 484,subsection content 484
485,subsection 485,subsection content 485
486,subsection 486,subsection content 486
487,subsection 487,subsection content 487
488,subsection 488,subsection content 488
489,subsection 489,subsection content 489
490,subsection 490,subsection content 490
491,subsection 491,subsection content 491
492,subsection 492,subsection content 492
493,subsection 493,subsection content 493
494,subsection 494,subsection content 494
495,subsection 495,subsection content 495
496,subsection 496,subsection content 496
497,subsection 497,subsection content 497
498,subsection 498,subsection content 498
499,subsection 499,subsection content 499
500,subsection 500,subsection content 500
