id,numero,conteudo
1,alinea 1,conteudo 1
2,alinea 2,conteudo 2
3,alinea 3,conteudo 3
4,alinea 4,conteudo 4
5,alinea 5,conteudo 5
6,alinea 6,conteudo 6
7,alinea 7,conteudo 7
8,alinea 8,conteudo 8
9,alinea 9,conteudo 9
10,alinea 10,conteudo 10
11,alinea 11,conteudo 11
12,alinea 12,conteudo 12
13,alinea 13,conteudo 13
14,alinea 14,conteudo 14
15,alinea 15,conteudo 15
16,alinea 16,conteudo 16
17,alinea 17,conteudo 17
18,alinea 18,conteudo 18
19,alinea 19,conteudo 19
20,alinea 20,conteudo 20
21,alinea 21,conteudo 21
22,alinea 22,conteudo 22
23,alinea 23,conteudo 23
24,alinea 24,conteudo 24
25,alinea 25,conteudo 25
26,alinea 26,conteudo 26
27,alinea 27,conteudo 27
28,alinea 28,conteudo 28
29,alinea 29,conteudo 29
30,alinea 30,conteudo 30
31,alinea 31,conteudo 31
32,alinea 32,conteudo 32
33,alinea 33,conteudo 33
34,alinea 34,conteudo 34
35,alinea 35,conteudo 35
36,alinea 36,conteudo 36
37,alinea 37,conteudo 37
38,alinea 38,conteudo 38
39,alinea 39,conteudo 39
40,alinea 40,conteudo 40
41,alinea 41,conteudo 41
42,alinea 42,conteudo 42
43,alinea 43,conteudo 43
44,alinea 44,conteudo 44
45,alinea 45,conteudo 45
46,alinea 46,conteudo 46
47,alinea 47,conteudo 47
48,alinea 48,conteudo 48
49,alinea 49,conteudo 49
50,alinea 50,conteudo 50
51,alinea 51,conteudo 51
52,alinea 52,conteudo 52
53,alinea 53,conteudo 53
54,alinea 54,conteudo 54
55,alinea 55,conteudo 55
56,alinea 56,conteudo 56
57,alinea 57,conteudo 57
58,alinea 58,conteudo 58
59,alinea 59,conteudo 59
60,alinea 60,conteudo 60
61,alinea 61,conteudo 61
62,alinea 62,conteudo 62
63,alinea 63,conteudo 63
64,alinea 64,conteudo 64
65,alinea 65,conteudo 65
66,alinea 66,conteudo 66
67,alinea 67,conteudo 67
68,alinea 68,conteudo 68
69,alinea 69,conteudo 69
70,alinea 70,conteudo 70
71,alinea 71,conteudo 71
72,alinea 72,conteudo 72
73,alinea 73,conteudo 73
74,alinea 74,conteudo 74
75,alinea 75,conteudo 75
76,alinea 76,conteudo 76
77,alinea 77,conteudo 77
78,alinea 78,conteudo 78
79,alinea 79,conteudo 79
80,alinea 80,conteudo 80
81,alinea 81,conteudo 81
82,alinea 82,conteudo 82
83,alinea 83,conteudo 83
84,alinea 84,conteudo 84
85,alinea 85,conteudo 85
86,alinea 86,conteudo 86
87,alinea 87,conteudo 87
88,alinea 88,conteudo 88
89,alinea 89,conteudo 89
90,alinea 90,conteudo 90
91,alinea 91,conteudo 91
92,alinea 92,conteudo 92
93,alinea 93,conteudo 93
94,alinea 94,conteudo 94
95,alinea 95,conteudo 95
96,alinea 96,conteudo 96
97,alinea 97,conteudo 97
98,alinea 98,conteudo 98
99,alinea 99,conteudo 99
100,alinea 100,conteudo 100
101,alinea 101,conteudo 101
102,alinea 102,conteudo 102
103,alinea 103,conteudo 103
104,alinea 104,conteudo 104
105,alinea 105,conteudo 105
106,alinea 106,conteudo 106
107,alinea 107,conteudo 107
108,alinea 108,conteudo 108
109,alinea 109,conteudo 109
110,alinea 110,conteudo 110
111,alinea 111,conteudo 111
112,alinea 112,conteudo 112
113,alinea 113,conteudo 113
114,alinea 114,conteudo 114
115,alinea 115,conteudo 115
116,alinea 116,conteudo 116
117,alinea 117,conteudo 117
118,alinea 118,conteudo 118
119,alinea 119,conteudo 119
120,alinea 120,conteudo 120
121,alinea 121,conteudo 121
122,alinea 122,conteudo 122
123,alinea 123,conteudo 123
124,alinea 124,conteudo 124
125,alinea 125,conteudo 125
126,alinea 126,conteudo 126
127,alinea 127,conteudo 127
128,alinea 128,conteudo 128
129,alinea 129,conteudo 129
130,alinea 130,conteudo 130
131,alinea 131,conteudo 131
132,alinea 132,conteudo 132
133,alinea 133,conteudo 133
134,alinea 134,conteudo 134
135,alinea 135,conteudo 135
136,alinea 136,conteudo 136
137,alinea 137,conteudo 137
138,alinea 138,conteudo 138
139,alinea 139,conteudo 139
140,alinea 140,conteudo 140
141,alinea 141,conteudo 141
142,alinea 142,conteudo 142
143,alinea 143,conteudo 143
144,alinea 144,conteudo 144
145,alinea 145,conteudo 145
146,alinea 146,conteudo 146
147,alinea 147,conteudo 147
148,alinea 148,conteudo 148
149,alinea 149,conteudo 149
150,alinea 150,conteudo 150
151,alinea 151,conteudo 151
152,alinea 152,conteudo 152
153,alinea 153,conteudo 153
154,alinea 154,conteudo 154
155,alinea 155,conteudo 155
156,alinea 156,conteudo 156
157,alinea 157,conteudo 157
158,alinea 158,conteudo 158
159,alinea 159,conteudo 159
160,alinea 160,conteudo 160
161,alinea 161,conteudo 161
162,alinea 162,conteudo 162
163,alinea 163,conteudo 163
164,alinea 164,conteudo 164
165,alinea 165,conteudo 165
166,alinea 166,conteudo 166
167,alinea 167,conteudo 167
168,alinea 168,conteudo 168
169,alinea 169,conteudo 169
170,alinea 170,conteudo 170
171,alinea 171,conteudo 171
172,alinea 172,conteudo 172
173,alinea 173,conteudo 173
174,alinea 174,conteudo 174
175,alinea 175,conteudo 175
176,alinea 176,conteudo 176
177,alinea 177,conteudo 177
178,alinea 178,conteudo 178
179,alinea 179,conteudo 179
180,alinea 180,conteudo 180
181,alinea 181,conteudo 181
182,alinea 182,conteudo 182
183,alinea 183,conteudo 183
184,alinea 184,conteudo 184
185,alinea 185,conteudo 185
186,alinea 186,conteudo 186
187,alinea 187,conteudo 187
188,alinea 188,conteudo 188
189,alinea 189,conteudo 189
190,alinea 190,conteudo 190
191,alinea 191,conteudo 191
192,alinea 192,conteudo 192
193,alinea 193,conteudo 193
194,alinea 194,conteudo 194
195,alinea 195,conteudo 195
196,alinea 196,conteudo 196
197,alinea 197,conteudo 197
198,alinea 198,conteudo 198
199,alinea 199,conteudo 199
200,alinea 200,conteudo 200
201,alinea 201,conteudo 201
202,alinea 202,conteudo 202
203,alinea 203,conteudo 203
204,alinea 204,conteudo 204
205,alinea 205,conteudo 205
206,alinea 206,conteudo 206
207,alinea 207,conteudo 207
208,alinea 208,conteudo 208
209,alinea 209,conteudo 209
210,alinea 210,conteudo 210
211,alinea 211,conteudo 211
212,alinea 212,conteudo 212
213,alinea 213,conteudo 213
214,alinea 214,conteudo 214
215,alinea 215,conteudo 215
216,alinea 216,conteudo 216
217,alinea 217,conteudo 217
218,alinea 218,conteudo 218
219,alinea 219,conteudo 219
220,alinea 220,conteudo 220
221,alinea 221,conteudo 221
222,alinea 222,conteudo 222
223,alinea 223,conteudo 223
224,alinea 224,conteudo 224
225,alinea 225,conteudo 225
226,alinea 226,conteudo 226
227,alinea 227,conteudo 227
228,alinea 228,conteudo 228
229,alinea 229,conteudo 229
230,alinea 230,conteudo 230
231,alinea 231,conteudo 231
232,alinea 232,conteudo 232
233,alinea 233,conteudo 233
234,alinea 234,conteudo 234
235,alinea 235,conteudo 235
236,alinea 236,conteudo 236
237,alinea 237,conteudo 237
238,alinea 238,conteudo 238
239,alinea 239,conteudo 239
240,alinea 240,conteudo 240
241,alinea 241,conteudo 241
242,alinea 242,conteudo 242
243,alinea 243,conteudo 243
244,alinea 244,conteudo 244
245,alinea 245,conteudo 245
246,alinea 246,conteudo 246
247,alinea 247,conteudo 247
248,alinea 248,conteudo 248
249,alinea 249,conteudo 249
250,alinea 250,conteudo 250
251,alinea 251,conteudo 251
252,alinea 252,conteudo 252
253,alinea 253,conteudo 253
254,alinea 254,conteudo 254
255,alinea 255,conteudo 255
256,alinea 256,conteudo 256
257,alinea 257,conteudo 257
258,alinea 258,conteudo 258
259,alinea 259,conteudo 259
260,alinea 260,conteudo 260
261,alinea 261,conteudo 261
262,alinea 262,conteudo 262
263,alinea 263,conteudo 263
264,alinea 264,conteudo 264
265,alinea 265,conteudo 265
266,alinea 266,conteudo 266
267,alinea 267,conteudo 267
268,alinea 268,conteudo 268
269,alinea 269,conteudo 269
270,alinea 270,conteudo 270
271,alinea 271,conteudo 271
272,alinea 272,conteudo 272
273,alinea 273,conteudo 273
274,alinea 274,conteudo 274
275,alinea 275,conteudo 275
276,alinea 276,conteudo 276
277,alinea 277,conteudo 277
278,alinea 278,conteudo 278
279,alinea 279,conteudo 279
280,alinea 280,conteudo 280
281,alinea 281,conteudo 281
282,alinea 282,conteudo 282
283,alinea 283,conteudo 283
284,alinea 284,conteudo 284
285,alinea 285,conteudo 285
286,alinea 286,conteudo 286
287,alinea 287,conteudo 287
288,alinea 288,conteudo 288
289,alinea 289,conteudo 289
290,alinea 290,conteudo 290
291,alinea 291,conteudo 291
292,alinea 292,conteudo 292
293,alinea 293,conteudo 293
294,alinea 294,conteudo 294
295,alinea 295,conteudo 295
296,alinea 296,conteudo 296
297,alinea 297,conteudo 297
298,alinea 298,conteudo 298
299,alinea 299,conteudo 299
300,alinea 300,conteudo 300
301,alinea 301,conteudo 301
302,alinea 302,conteudo 302
303,alinea 303,conteudo 303
304,alinea 304,conteudo 304
305,alinea 305,conteudo 305
306,alinea 306,conteudo 306
307,alinea 307,conteudo 307
308,alinea 308,conteudo 308
309,alinea 309,conteudo 309
310,alinea 310,conteudo 310
311,alinea 311,conteudo 311
312,alinea 312,conteudo 312
313,alinea 313,conteudo 313
314,alinea 314,conteudo 314
315,alinea 315,conteudo 315
316,alinea 316,conteudo 316
317,alinea 317,conteudo 317
318,alinea 318,conteudo 318
319,alinea 319,conteudo 319
320,alinea 320,conteudo 320
321,alinea 321,conteudo 321
322,alinea 322,conteudo 322
323,alinea 323,conteudo 323
324,alinea 324,conteudo 324
325,alinea 325,conteudo 325
326,alinea 326,conteudo 326
327,alinea 327,conteudo 327
328,alinea 328,conteudo 328
329,alinea 329,conteudo 329
330,alinea 330,conteudo 330
331,alinea 331,conteudo 331
332,alinea 332,conteudo 332
333,alinea 333,conteudo 333
334,alinea 334,conteudo 334
335,alinea 335,conteudo 335
336,alinea 336,conteudo 336
337,alinea 337,conteudo 337
338,alinea 338,conteudo 338
339,alinea 339,conteudo 339
340,alinea 340,conteudo 340
341,alinea 341,conteudo 341
342,alinea 342,conteudo 342
343,alinea 343,conteudo 343
344,alinea 344,conteudo 344
345,alinea 345,conteudo 345
346,alinea 346,conteudo 346
347,alinea 347,conteudo 347
348,alinea 348,conteudo 348
349,alinea 349,conteudo 349
350,alinea 350,conteudo 350
351,alinea 351,conteudo 351
352,alinea 352,conteudo 352
353,alinea 353,conteudo 353
354,alinea 354,conteudo 354
355,alinea 355,conteudo 355
356,alinea 356,conteudo 356
357,alinea 357,conteudo 357
358,alinea 358,conteudo 358
359,alinea 359,conteudo 359
360,alinea 360,conteudo 360
361,alinea 361,conteudo 361
362,alinea 362,conteudo 362
363,alinea 363,conteudo 363
364,alinea 364,conteudo 364
365,alinea 365,conteudo 365
366,alinea 366,conteudo 366
367,alinea 367,conteudo 367
368,alinea 368,conteudo 368
369,alinea 369,conteudo 369
370,alinea 370,conteudo 370
371,alinea 371,conteudo 371
372,alinea 372,conteudo 372
373,alinea 373,conteudo 373
374,alinea 374,conteudo 374
375,alinea 375,conteudo 375
376,alinea 376,conteudo 376
377,alinea 377,conteudo 377
378,alinea 378,conteudo 378
379,alinea 379,conteudo 379
380,alinea 380,conteudo 380
381,alinea 381,conteudo 381
382,alinea 382,conteudo 382
383,alinea 383,conteudo 383
384,alinea 384,conteudo 384
385,alinea 385,conteudo 385
386,alinea 386,conteudo 386
387,alinea 387,conteudo 387
388,alinea 388,conteudo 388
389,alinea 389,conteudo 389
390,alinea 390,conteudo 390
391,alinea 391,conteudo 391
392,alinea 392,conteudo 392
393,alinea 393,conteudo 393
394,alinea 394,conteudo 394
395,alinea 395,conteudo 395
396,alinea 396,conteudo 396
397,alinea 397,conteudo 397
398,alinea 398,conteudo 398
399,alinea 399,conteudo 399
400,alinea 400,conteudo 400
401,alinea 401,conteudo 401
402,alinea 402,conteudo 402
403,alinea 403,conteudo 403
404,alinea 404,conteudo 404
405,alinea 405,conteudo 405
406,alinea 406,conteudo 406
407,alinea 407,conteudo 407
408,alinea 408,conteudo 408
409,alinea 409,conteudo 409
410,alinea 410,conteudo 410
411,alinea 411,conteudo 411
412,alinea 412,conteudo 412
413,alinea 413,conteudo 413
414,alinea 414,conteudo 414
415,alinea 415,conteudo 415
416,alinea 416,conteudo 416
417,alinea 417,conteudo 417
418,alinea 418,conteudo 418
419,alinea 419,conteudo 419
420,alinea 420,conteudo 420
421,alinea 421,conteudo 421
422,alinea 422,conteudo 422
423,alinea 423,conteudo 423
424,alinea 424,conteudo 424
425,alinea 425,conteudo 425
426,alinea 426,conteudo 426
427,alinea 427,conteudo 427
428,alinea 428,conteudo 428
429,alinea 429,conteudo 429
430,alinea 430,conteudo 430
431,alinea 431,conteudo 431
432,alinea 432,conteudo 432
433,alinea 433,conteudo 433
434,alinea 434,conteudo 434
435,alinea 435,conteudo 435
436,alinea 436,conteudo 436
437,alinea 437,conteudo 437
438,alinea 438,conteudo 438
439,alinea 439,conteudo 439
440,alinea 440,conteudo 440
441,alinea 441,conteudo 441
442,alinea 442,conteudo 442
443,alinea 443,conteudo 443
444,alinea 444,conteudo 444
445,alinea 445,conteudo 445
446,alinea 446,conteudo 446
447,alinea 447,conteudo 447
448,alinea 448,conteudo 448
449,alinea 449,conteudo 449
450,alinea 450,conteudo 450
451,alinea 451,conteudo 451
452,alinea 452,conteudo 452
453,alinea 453,conteudo 453
454,alinea 454,conteudo 454
455,alinea 455,conteudo 455
456,alinea 456,conteudo 456
457,alinea 457,conteudo 457
458,alinea 458,conteudo 458
459,alinea 459,conteudo 459
460,alinea 460,conteudo 460
461,alinea 461,conteudo 461
462,alinea 462,conteudo 462
463,alinea 463,conteudo 463
464,alinea 464,conteudo 464
465,alinea 465,conteudo 465
466,alinea 466,conteudo 466
467,alinea 467,conteudo 467
468,alinea 468,conteudo 468
469,alinea 469,conteudo 469
470,alinea 470,conteudo 470
471,alinea 471,conteudo 471
472,alinea 472,conteudo 472
473,alinea 473,conteudo 473
474,alinea 474,conteudo 474
475,alinea 475,conteudo 475
476,alinea 476,conteudo 476
477,alinea 477,conteudo 477
478,alinea 478,conteudo 478
479,alinea 479,conteudo 479
480,alinea 480,conteudo 480
481,alinea 481,conteudo 481
482,alinea 482,conteudo 482
483,alinea 483,conteudo 483
484,alinea 484,conteudo 484
485,alinea 485,conteudo 485
486,alinea 486,conteudo 486
487,alinea 487,conteudo 487
488,alinea 488,conteudo 488
489,alinea 489,conteudo 489
490,alinea 490,conteudo 490
491,alinea 491,conteudo 491
492,alinea 492,conteudo 492
493,alinea 493,conteudo 493
494,alinea 494,conteudo 494
495,alinea 495,conteudo 495
496,alinea 496,conteudo 496
497,alinea 497,conteudo 497
498,alinea 498,conteudo 498
499,alinea 499,conteudo 499
500,alinea 500,conteudo 500
