id,numero,resumo,conteudo
1,decisao 1,resumo 1,conteudo 1
2,decisao 2,resumo 2,conteudo 2
3,decisao 3,resumo 3,conteudo 3
4,decisao 4,resumo 4,conteudo 4
5,decisao 5,resumo 5,conteudo 5
6,decisao 6,resumo 6,conteudo 6
7,decisao 7,resumo 7,conteudo 7
8,decisao 8,resumo 8,conteudo 8
9,decisao 9,resumo 9,conteudo 9
10,decisao 10,resumo 10,conteudo 10
11,decisao 11,resumo 11,conteudo 11
12,decisao 12,resumo 12,conteudo 12
13,decisao 13,resumo 13,conteudo 13
14,decisao 14,resumo 14,conteudo 14
15,decisao 15,resumo 15,conteudo 15
16,decisao 16,resumo 16,conteudo 16
17,decisao 17,resumo 17,conteudo 17
18,decisao 18,resumo 18,conteudo 18
19,decisao 19,resumo 19,conteudo 19
20,decisao 20,resumo 20,conteudo 20
21,decisao 21,resumo 21,conteudo 21
22,decisao 22,resumo 22,conteudo 22
23,decisao 23,resumo 23,conteudo 23
24,decisao 24,resumo 24,conteudo 24
25,decisao 25,resumo 25,conteudo 25
26,decisao 26,resumo 26,conteudo 26
27,decisao 27,resumo 27,conteudo 27
28,decisao 28,resumo 28,conteudo 28
29,decisao 29,resumo 29,conteudo 29
30,decisao 30,resumo 30,conteudo 30
31,decisao 31,resumo 31,conteudo 31
32,decisao 32,resumo 32,conteudo 32
33,decisao 33,resumo 33,conteudo 33
34,decisao 34,resumo 34,conteudo 34
35,decisao 35,resumo 35,conteudo 35
36,decisao 36,resumo 36,conteudo 36
37,decisao 37,resumo 37,conteudo 37
38,decisao 38,resumo 38,conteudo 38
39,decisao 39,resumo 39,conteudo 39
40,decisao 40,resumo 40,conteudo 40
41,decisao 41,resumo 41,conteudo 41
42,decisao 42,resumo 42,conteudo 42
43,decisao 43,resumo 43,conteudo 43
44,decisao 44,resumo 44,conteudo 44
45,decisao 45,resumo 45,conteudo 45
46,decisao 46,resumo 46,conteudo 46
47,decisao 47,resumo 47,conteudo 47
48,decisao 48,resumo 48,conteudo 48
49,decisao 49,resumo 49,conteudo 49
50,decisao 50,resumo 50,conteudo 50
51,decisao 51,resumo 51,conteudo 51
52,decisao 52,resumo 52,conteudo 52
53,decisao 53,resumo 53,conteudo 53
54,decisao 54,resumo 54,conteudo 54
55,decisao 55,resumo 55,conteudo 55
56,decisao 56,resumo 56,conteudo 56
57,decisao 57,resumo 57,conteudo 57
58,decisao 58,resumo 58,conteudo 58
59,decisao 59,resumo 59,conteudo 59
60,decisao 60,resumo 60,conteudo 60
61,decisao 61,resumo 61,conteudo 61
62,decisao 62,resumo 62,conteudo 62
63,decisao 63,resumo 63,conteudo 63
64,decisao 64,resumo 64,conteudo 64
65,decisao 65,resumo 65,conteudo 65
66,decisao 66,resumo 66,conteudo 66
67,decisao 67,resumo 67,conteudo 67
68,decisao 68,resumo 68,conteudo 68
69,decisao 69,resumo 69,conteudo 69
70,decisao 70,resumo 70,conteudo 70
71,decisao 71,resumo 71,conteudo 71
72,decisao 72,resumo 72,conteudo 72
73,decisao 73,resumo 73,conteudo 73
74,decisao 74,resumo 74,conteudo 74
75,decisao 75,resumo 75,conteudo 75
76,decisao 76,resumo 76,conteudo 76
77,decisao 77,resumo 77,conteudo 77
78,decisao 78,resumo 78,conteudo 78
79,decisao 79,resumo 79,conteudo 79
80,decisao 80,resumo 80,conteudo 80
81,decisao 81,resumo 81,conteudo 81
82,decisao 82,resumo 82,conteudo 82
83,decisao 83,resumo 83,conteudo 83
84,decisao 84,resumo 84,conteudo 84
85,decisao 85,resumo 85,conteudo 85
86,decisao 86,resumo 86,conteudo 86
87,decisao 87,resumo 87,conteudo 87
88,decisao 88,resumo 88,conteudo 88
89,decisao 89,resumo 89,conteudo 89
90,decisao 90,resumo 90,conteudo 90
91,decisao 91,resumo 91,conteudo 91
92,decisao 92,resumo 92,conteudo 92
93,decisao 93,resumo 93,conteudo 93
94,decisao 94,resumo 94,conteudo 94
95,decisao 95,resumo 95,conteudo 95
96,decisao 96,resumo 96,conteudo 96
97,decisao 97,resumo 97,conteudo 97
98,decisao 98,resumo 98,conteudo 98
99,decisao 99,resumo 99,conteudo 99
100,decisao 100,resumo 100,conteudo 100
101,decisao 101,resumo 101,conteudo 101
102,decisao 102,resumo 102,conteudo 102
103,decisao 103,resumo 103,conteudo 103
104,decisao 104,resumo 104,conteudo 104
105,decisao 105,resumo 105,conteudo 105
106,decisao 106,resumo 106,conteudo 106
107,decisao 107,resumo 107,conteudo 107
108,decisao 108,resumo 108,conteudo 108
109,decisao 109,resumo 109,conteudo 109
110,decisao 110,resumo 110,conteudo 110
111,decisao 111,resumo 111,conteudo 111
112,decisao 112,resumo 112,conteudo 112
113,decisao 113,resumo 113,conteudo 113
114,decisao 114,resumo 114,conteudo 114
115,decisao 115,resumo 115,conteudo 115
116,decisao 116,resumo 116,conteudo 116
117,decisao 117,resumo 117,conteudo 117
118,decisao 118,resumo 118,conteudo 118
119,decisao 119,resumo 119,conteudo 119
120,decisao 120,resumo 120,conteudo 120
121,decisao 121,resumo 121,conteudo 121
122,decisao 122,resumo 122,conteudo 122
123,decisao 123,resumo 123,conteudo 123
124,decisao 124,resumo 124,conteudo 124
125,decisao 125,resumo 125,conteudo 125
126,decisao 126,resumo 126,conteudo 126
127,decisao 127,resumo 127,conteudo 127
128,decisao 128,resumo 128,conteudo 128
129,decisao 129,resumo 129,conteudo 129
130,decisao 130,resumo 130,conteudo 130
131,decisao 131,resumo 131,conteudo 131
132,decisao 132,resumo 132,conteudo 132
133,decisao 133,resumo 133,conteudo 133
134,decisao 134,resumo 134,conteudo 134
135,decisao 135,resumo 135,conteudo 135
136,decisao 136,resumo 136,conteudo 136
137,decisao 137,resumo 137,conteudo 137
138,decisao 138,resumo 138,conteudo 138
139,decisao 139,resumo 139,conteudo 139
140,decisao 140,resumo 140,conteudo 140
141,decisao 141,resumo 141,conteudo 141
142,decisao 142,resumo 142,conteudo 142
143,decisao 143,resumo 143,conteudo 143
144,decisao 144,resumo 144,conteudo 144
145,decisao 145,resumo 145,conteudo 145
146,decisao 146,resumo 146,conteudo 146
147,decisao 147,resumo 147,conteudo 147
148,decisao 148,resumo 148,conteudo 148
149,decisao 149,resumo 149,conteudo 149
150,decisao 150,resumo 150,conteudo 150
151,decisao 151,resumo 151,conteudo 151
152,decisao 152,resumo 152,conteudo 152
153,decisao 153,resumo 153,conteudo 153
154,decisao 154,resumo 154,conteudo 154
155,decisao 155,resumo 155,conteudo 155
156,decisao 156,resumo 156,conteudo 156
157,decisao 157,resumo 157,conteudo 157
158,decisao 158,resumo 158,conteudo 158
159,decisao 159,resumo 159,conteudo 159
160,decisao 160,resumo 160,conteudo 160
161,decisao 161,resumo 161,conteudo 161
162,decisao 162,resumo 162,conteudo 162
163,decisao 163,resumo 163,conteudo 163
164,decisao 164,resumo 164,conteudo 164
165,decisao 165,resumo 165,conteudo 165
166,decisao 166,resumo 166,conteudo 166
167,decisao 167,resumo 167,conteudo 167
168,decisao 168,resumo 168,conteudo 168
169,decisao 169,resumo 169,conteudo 169
170,decisao 170,resumo 170,conteudo 170
171,decisao 171,resumo 171,conteudo 171
172,decisao 172,resumo 172,conteudo 172
173,decisao 173,resumo 173,conteudo 173
174,decisao 174,resumo 174,conteudo 174
175,decisao 175,resumo 175,conteudo 175
176,decisao 176,resumo 176,conteudo 176
177,decisao 177,resumo 177,conteudo 177
178,decisao 178,resumo 178,conteudo 178
179,decisao 179,resumo 179,conteudo 179
180,decisao 180,resumo 180,conteudo 180
181,decisao 181,resumo 181,conteudo 181
182,decisao 182,resumo 182,conteudo 182
183,decisao 183,resumo 183,conteudo 183
184,decisao 184,resumo 184,conteudo 184
185,decisao 185,resumo 185,conteudo 185
186,decisao 186,resumo 186,conteudo 186
187,decisao 187,resumo 187,conteudo 187
188,decisao 188,resumo 188,conteudo 188
189,decisao 189,resumo 189,conteudo 189
190,decisao 190,resumo 190,conteudo 190
191,decisao 191,resumo 191,conteudo 191
192,decisao 192,resumo 192,conteudo 192
193,decisao 193,resumo 193,conteudo 193
194,decisao 194,resumo 194,conteudo 194
195,decisao 195,resumo 195,conteudo 195
196,decisao 196,resumo 196,conteudo 196
197,decisao 197,resumo 197,conteudo 197
198,decisao 198,resumo 198,conteudo 198
199,decisao 199,resumo 199,conteudo 199
200,decisao 200,resumo 200,conteudo 200
201,decisao 201,resumo 201,conteudo 201
202,decisao 202,resumo 202,conteudo 202
203,decisao 203,resumo 203,conteudo 203
204,decisao 204,resumo 204,conteudo 204
205,decisao 205,resumo 205,conteudo 205
206,decisao 206,resumo 206,conteudo 206
207,decisao 207,resumo 207,conteudo 207
208,decisao 208,resumo 208,conteudo 208
209,decisao 209,resumo 209,conteudo 209
210,decisao 210,resumo 210,conteudo 210
211,decisao 211,resumo 211,conteudo 211
212,decisao 212,resumo 212,conteudo 212
213,decisao 213,resumo 213,conteudo 213
214,decisao 214,resumo 214,conteudo 214
215,decisao 215,resumo 215,conteudo 215
216,decisao 216,resumo 216,conteudo 216
217,decisao 217,resumo 217,conteudo 217
218,decisao 218,resumo 218,conteudo 218
219,decisao 219,resumo 219,conteudo 219
220,decisao 220,resumo 220,conteudo 220
221,decisao 221,resumo 221,conteudo 221
222,decisao 222,resumo 222,conteudo 222
223,decisao 223,resumo 223,conteudo 223
224,decisao 224,resumo 224,conteudo 224
225,decisao 225,resumo 225,conteudo 225
226,decisao 226,resumo 226,conteudo 226
227,decisao 227,resumo 227,conteudo 227
228,decisao 228,resumo 228,conteudo 228
229,decisao 229,resumo 229,conteudo 229
230,decisao 230,resumo 230,conteudo 230
231,decisao 231,resumo 231,conteudo 231
232,decisao 232,resumo 232,conteudo 232
233,decisao 233,resumo 233,conteudo 233
234,decisao 234,resumo 234,conteudo 234
235,decisao 235,resumo 235,conteudo 235
236,decisao 236,resumo 236,conteudo 236
237,decisao 237,resumo 237,conteudo 237
238,decisao 238,resumo 238,conteudo 238
239,decisao 239,resumo 239,conteudo 239
240,decisao 240,resumo 240,conteudo 240
241,decisao 241,resumo 241,conteudo 241
242,decisao 242,resumo 242,conteudo 242
243,decisao 243,resumo 243,conteudo 243
244,decisao 244,resumo 244,conteudo 244
245,decisao 245,resumo 245,conteudo 245
246,decisao 246,resumo 246,conteudo 246
247,decisao 247,resumo 247,conteudo 247
248,decisao 248,resumo 248,conteudo 248
249,decisao 249,resumo 249,conteudo 249
250,decisao 250,resumo 250,conteudo 250
251,decisao 251,resumo 251,conteudo 251
252,decisao 252,resumo 252,conteudo 252
253,decisao 253,resumo 253,conteudo 253
254,decisao 254,resumo 254,conteudo 254
255,decisao 255,resumo 255,conteudo 255
256,decisao 256,resumo 256,conteudo 256
257,decisao 257,resumo 257,conteudo 257
258,decisao 258,resumo 258,conteudo 258
259,decisao 259,resumo 259,conteudo 259
260,decisao 260,resumo 260,conteudo 260
261,decisao 261,resumo 261,conteudo 261
262,decisao 262,resumo 262,conteudo 262
263,decisao 263,resumo 263,conteudo 263
264,decisao 264,resumo 264,conteudo 264
265,decisao 265,resumo 265,conteudo 265
266,decisao 266,resumo 266,conteudo 266
267,decisao 267,resumo 267,conteudo 267
268,decisao 268,resumo 268,conteudo 268
269,decisao 269,resumo 269,conteudo 269
270,decisao 270,resumo 270,conteudo 270
271,decisao 271,resumo 271,conteudo 271
272,decisao 272,resumo 272,conteudo 272
273,decisao 273,resumo 273,conteudo 273
274,decisao 274,resumo 274,conteudo 274
275,decisao 275,resumo 275,conteudo 275
276,decisao 276,resumo 276,conteudo 276
277,decisao 277,resumo 277,conteudo 277
278,decisao 278,resumo 278,conteudo 278
279,decisao 279,resumo 279,conteudo 279
280,decisao 280,resumo 280,conteudo 280
281,decisao 281,resumo 281,conteudo 281
282,decisao 282,resumo 282,conteudo 282
283,decisao 283,resumo 283,conteudo 283
284,decisao 284,resumo 284,conteudo 284
285,decisao 285,resumo 285,conteudo 285
286,decisao 286,resumo 286,conteudo 286
287,decisao 287,resumo 287,conteudo 287
288,decisao 288,resumo 288,conteudo 288
289,decisao 289,resumo 289,conteudo 289
290,decisao 290,resumo 290,conteudo 290
291,decisao 291,resumo 291,conteudo 291
292,decisao 292,resumo 292,conteudo 292
293,decisao 293,resumo 293,conteudo 293
294,decisao 294,resumo 294,conteudo 294
295,decisao 295,resumo 295,conteudo 295
296,decisao 296,resumo 296,conteudo 296
297,decisao 297,resumo 297,conteudo 297
298,decisao 298,resumo 298,conteudo 298
299,decisao 299,resumo 299,conteudo 299
300,decisao 300,resumo 300,conteudo 300
301,decisao 301,resumo 301,conteudo 301
302,decisao 302,resumo 302,conteudo 302
303,decisao 303,resumo 303,conteudo 303
304,decisao 304,resumo 304,conteudo 304
305,decisao 305,resumo 305,conteudo 305
306,decisao 306,resumo 306,conteudo 306
307,decisao 307,resumo 307,conteudo 307
308,decisao 308,resumo 308,conteudo 308
309,decisao 309,resumo 309,conteudo 309
310,decisao 310,resumo 310,conteudo 310
311,decisao 311,resumo 311,conteudo 311
312,decisao 312,resumo 312,conteudo 312
313,decisao 313,resumo 313,conteudo 313
314,decisao 314,resumo 314,conteudo 314
315,decisao 315,resumo 315,conteudo 315
316,decisao 316,resumo 316,conteudo 316
317,decisao 317,resumo 317,conteudo 317
318,decisao 318,resumo 318,conteudo 318
319,decisao 319,resumo 319,conteudo 319
320,decisao 320,resumo 320,conteudo 320
321,decisao 321,resumo 321,conteudo 321
322,decisao 322,resumo 322,conteudo 322
323,decisao 323,resumo 323,conteudo 323
324,decisao 324,resumo 324,conteudo 324
325,decisao 325,resumo 325,conteudo 325
326,decisao 326,resumo 326,conteudo 326
327,decisao 327,resumo 327,conteudo 327
328,decisao 328,resumo 328,conteudo 328
329,decisao 329,resumo 329,conteudo 329
330,decisao 330,resumo 330,conteudo 330
331,decisao 331,resumo 331,conteudo 331
332,decisao 332,resumo 332,conteudo 332
333,decisao 333,resumo 333,conteudo 333
334,decisao 334,resumo 334,conteudo 334
335,decisao 335,resumo 335,conteudo 335
336,decisao 336,resumo 336,conteudo 336
337,decisao 337,resumo 337,conteudo 337
338,decisao 338,resumo 338,conteudo 338
339,decisao 339,resumo 339,conteudo 339
340,decisao 340,resumo 340,conteudo 340
341,decisao 341,resumo 341,conteudo 341
342,decisao 342,resumo 342,conteudo 342
343,decisao 343,resumo 343,conteudo 343
344,decisao 344,resumo 344,conteudo 344
345,decisao 345,resumo 345,conteudo 345
346,decisao 346,resumo 346,conteudo 346
347,decisao 347,resumo 347,conteudo 347
348,decisao 348,resumo 348,conteudo 348
349,decisao 349,resumo 349,conteudo 349
350,decisao 350,resumo 350,conteudo 350
351,decisao 351,resumo 351,conteudo 351
352,decisao 352,resumo 352,conteudo 352
353,decisao 353,resumo 353,conteudo 353
354,decisao 354,resumo 354,conteudo 354
355,decisao 355,resumo 355,conteudo 355
356,decisao 356,resumo 356,conteudo 356
357,decisao 357,resumo 357,conteudo 357
358,decisao 358,resumo 358,conteudo 358
359,decisao 359,resumo 359,conteudo 359
360,decisao 360,resumo 360,conteudo 360
361,decisao 361,resumo 361,conteudo 361
362,decisao 362,resumo 362,conteudo 362
363,decisao 363,resumo 363,conteudo 363
364,decisao 364,resumo 364,conteudo 364
365,decisao 365,resumo 365,conteudo 365
366,decisao 366,resumo 366,conteudo 366
367,decisao 367,resumo 367,conteudo 367
368,decisao 368,resumo 368,conteudo 368
369,decisao 369,resumo 369,conteudo 369
370,decisao 370,resumo 370,conteudo 370
371,decisao 371,resumo 371,conteudo 371
372,decisao 372,resumo 372,conteudo 372
373,decisao 373,resumo 373,conteudo 373
374,decisao 374,resumo 374,conteudo 374
375,decisao 375,resumo 375,conteudo 375
376,decisao 376,resumo 376,conteudo 376
377,decisao 377,resumo 377,conteudo 377
378,decisao 378,resumo 378,conteudo 378
379,decisao 379,resumo 379,conteudo 379
380,decisao 380,resumo 380,conteudo 380
381,decisao 381,resumo 381,conteudo 381
382,decisao 382,resumo 382,conteudo 382
383,decisao 383,resumo 383,conteudo 383
384,decisao 384,resumo 384,conteudo 384
385,decisao 385,resumo 385,conteudo 385
386,decisao 386,resumo 386,conteudo 386
387,decisao 387,resumo 387,conteudo 387
388,decisao 388,resumo 388,conteudo 388
389,decisao 389,resumo 389,conteudo 389
390,decisao 390,resumo 390,conteudo 390
391,decisao 391,resumo 391,conteudo 391
392,decisao 392,resumo 392,conteudo 392
393,decisao 393,resumo 393,conteudo 393
394,decisao 394,resumo 394,conteudo 394
395,decisao 395,resumo 395,conteudo 395
396,decisao 396,resumo 396,conteudo 396
397,decisao 397,resumo 397,conteudo 397
398,decisao 398,resumo 398,conteudo 398
399,decisao 399,resumo 399,conteudo 399
400,decisao 400,resumo 400,conteudo 400
401,decisao 401,resumo 401,conteudo 401
402,decisao 402,resumo 402,conteudo 402
403,decisao 403,resumo 403,conteudo 403
404,decisao 404,resumo 404,conteudo 404
405,decisao 405,resumo 405,conteudo 405
406,decisao 406,resumo 406,conteudo 406
407,decisao 407,resumo 407,conteudo 407
408,decisao 408,resumo 408,conteudo 408
409,decisao 409,resumo 409,conteudo 409
410,decisao 410,resumo 410,conteudo 410
411,decisao 411,resumo 411,conteudo 411
412,decisao 412,resumo 412,conteudo 412
413,decisao 413,resumo 413,conteudo 413
414,decisao 414,resumo 414,conteudo 414
415,decisao 415,resumo 415,conteudo 415
416,decisao 416,resumo 416,conteudo 416
417,decisao 417,resumo 417,conteudo 417
418,decisao 418,resumo 418,conteudo 418
419,decisao 419,resumo 419,conteudo 419
420,decisao 420,resumo 420,conteudo 420
421,decisao 421,resumo 421,conteudo 421
422,decisao 422,resumo 422,conteudo 422
423,decisao 423,resumo 423,conteudo 423
424,decisao 424,resumo 424,conteudo 424
425,decisao 425,resumo 425,conteudo 425
426,decisao 426,resumo 426,conteudo 426
427,decisao 427,resumo 427,conteudo 427
428,decisao 428,resumo 428,conteudo 428
429,decisao 429,resumo 429,conteudo 429
430,decisao 430,resumo 430,conteudo 430
431,decisao 431,resumo 431,conteudo 431
432,decisao 432,resumo 432,conteudo 432
433,decisao 433,resumo 433,conteudo 433
434,decisao 434,resumo 434,conteudo 434
435,decisao 435,resumo 435,conteudo 435
436,decisao 436,resumo 436,conteudo 436
437,decisao 437,resumo 437,conteudo 437
438,decisao 438,resumo 438,conteudo 438
439,decisao 439,resumo 439,conteudo 439
440,decisao 440,resumo 440,conteudo 440
441,decisao 441,resumo 441,conteudo 441
442,decisao 442,resumo 442,conteudo 442
443,decisao 443,resumo 443,conteudo 443
444,decisao 444,resumo 444,conteudo 444
445,decisao 445,resumo 445,conteudo 445
446,decisao 446,resumo 446,conteudo 446
447,decisao 447,resumo 447,conteudo 447
448,decisao 448,resumo 448,conteudo 448
449,decisao 449,resumo 449,conteudo 449
450,decisao 450,resumo 450,conteudo 450
451,decisao 451,resumo 451,conteudo 451
452,decisao 452,resumo 452,conteudo 452
453,decisao 453,resumo 453,conteudo 453
454,decisao 454,resumo 454,conteudo 454
455,decisao 455,resumo 455,conteudo 455
456,decisao 456,resumo 456,conteudo 456
457,decisao 457,resumo 457,conteudo 457
458,decisao 458,resumo 458,conteudo 458
459,decisao 459,resumo 459,conteudo 459
460,decisao 460,resumo 460,conteudo 460
461,decisao 461,resumo 461,conteudo 461
462,decisao 462,resumo 462,conteudo 462
463,decisao 463,resumo 463,conteudo 463
464,decisao 464,resumo 464,conteudo 464
465,decisao 465,resumo 465,conteudo 465
466,decisao 466,resumo 466,conteudo 466
467,decisao 467,resumo 467,conteudo 467
468,decisao 468,resumo 468,conteudo 468
469,decisao 469,resumo 469,conteudo 469
470,decisao 470,resumo 470,conteudo 470
471,decisao 471,resumo 471,conteudo 471
472,decisao 472,resumo 472,conteudo 472
473,decisao 473,resumo 473,conteudo 473
474,decisao 474,resumo 474,conteudo 474
475,decisao 475,resumo 475,conteudo 475
476,decisao 476,resumo 476,conteudo 476
477,decisao 477,resumo 477,conteudo 477
478,decisao 478,resumo 478,conteudo 478
479,decisao 479,resumo 479,conteudo 479
480,decisao 480,resumo 480,conteudo 480
481,decisao 481,resumo 481,conteudo 481
482,decisao 482,resumo 482,conteudo 482
483,decisao 483,resumo 483,conteudo 483
484,decisao 484,resumo 484,conteudo 484
485,decisao 485,resumo 485,conteudo 485
486,decisao 486,resumo 486,conteudo 486
487,decisao 487,resumo 487,conteudo 487
488,decisao 488,resumo 488,conteudo 488
489,decisao 489,resumo 489,conteudo 489
490,decisao 490,resumo 490,conteudo 490
491,decisao 491,resumo 491,conteudo 491
492,decisao 492,resumo 492,conteudo 492
493,decisao 493,resumo 493,conteudo 493
494,decisao 494,resumo 494,conteudo 494
495,decisao 495,resumo 495,conteudo 495
496,decisao 496,resumo 496,conteudo 496
497,decisao 497,resumo 497,conteudo 497
498,decisao 498,resumo 498,conteudo 498
499,decisao 499,resumo 499,conteudo 499
500,decisao 500,resumo 500,conteudo 500
